<?xml version="1.0" encoding="UTF-8"?>
<project-private xmlns="http://www.netbeans.org/ns/project-private/1">
    <editor-bookmarks xmlns="http://www.netbeans.org/ns/editor-bookmarks/2" lastBookmarkId="0"/>
    <open-files xmlns="http://www.netbeans.org/ns/projectui-open-files/2">
        <group>
            <file>file:/D:/Users/Documents/PROGRAMACION/Modelado_y_Programacion/Proceso_Digital_de_Imagenes/src/Procesador_De_Imagenes.js</file>
            <file>file:/D:/Users/Documents/PROGRAMACION/Modelado_y_Programacion/Proceso_Digital_de_Imagenes/src/main.css</file>
            <file>file:/D:/Users/Documents/PROGRAMACION/Modelado_y_Programacion/Proceso_Digital_de_Imagenes/src/Controlador.js</file>
            <file>file:/D:/Users/Documents/PROGRAMACION/Modelado_y_Programacion/Proceso_Digital_de_Imagenes/src/Vista.html</file>
        </group>
    </open-files>
</project-private>
